fold,mae_avg,rmse_avg,r2_avg,mae_homo,rmse_homo,r2_homo,mae_lumo,rmse_lumo,r2_lumo,mae_energy,rmse_energy,r2_energy
1,1.3871891051530838,1.8917609925356322,0.9029550155003866,0.12513504922389984,0.1563350446047521,0.9262877702713013,0.1726207733154297,0.24559127129535469,0.9364188313484192,3.863811492919922,5.27335666170679,0.8461584448814392
2,2.056010906895002,3.2834319402087817,0.8442492286364237,0.17216120660305023,0.22134681951259824,0.9482275247573853,0.289032906293869,0.4458740775780832,0.9054235816001892,5.706838607788086,9.183074923535663,0.6790965795516968
3,1.4972359985113144,1.9212592374569344,0.8598188559214274,0.15375037491321564,0.18717455435488753,0.829549252986908,0.1610887050628662,0.22290227080739833,0.921984076499939,4.176868915557861,5.353700887208517,0.8279232382774353
4,2.018441225091616,3.8898132271755106,0.3677469690640767,0.19968731701374054,0.4846437846723171,0.4503456950187683,0.3407771587371826,0.8642109831283563,0.16460055112838745,5.514859199523926,10.320584913725858,0.48829466104507446
5,1.411318729321162,2.1241820959873423,0.8354324102401733,0.16786397993564606,0.32552516807213144,0.809323787689209,0.2155143767595291,0.459201663913977,0.8221373558044434,3.8505778312683105,5.587819455975918,0.8748360872268677
