fold,mae_avg,rmse_avg,r2_avg,mae_homo,rmse_homo,r2_homo,mae_lumo,rmse_lumo,r2_lumo,mae_energy,rmse_energy,r2_energy
1,1.154002125064532,1.6655119996726846,0.9037174781163534,0.14582137763500214,0.18568871748341195,0.8960084915161133,0.18926358222961426,0.25802723293866575,0.929816722869873,3.1269214153289795,4.552820048595976,0.8853272199630737
2,2.4359448154767356,4.046382056438133,0.6751870711644491,0.22628480195999146,0.45351526291575667,0.7826619148254395,0.36236572265625,0.8025148560286772,0.6936169862747192,6.719183921813965,10.883116050369964,0.5492823123931885
3,1.4357695529858272,1.9538065183462952,0.8436031142870585,0.14874576032161713,0.18727431026110714,0.8293675184249878,0.21271109580993652,0.28094146282299276,0.8760673403739929,3.9458518028259277,5.393203781954786,0.8253744840621948
4,2.11878236134847,3.576348278909204,0.5183787941932678,0.22449344396591187,0.43378009743939633,0.5596646070480347,0.3378449082374573,0.709519449726863,0.4369029998779297,5.794008731842041,9.585745289561352,0.5585687756538391
5,1.941170518596967,3.106961066991594,0.6003975868225098,0.23990370333194733,0.5106761007057967,0.530734658241272,0.2954551577568054,0.7455328385727555,0.5311743021011353,5.288152694702148,8.06467426169623,0.7392838001251221
